{"properties":{"connectionReferences":{"shared_office365users":{"runtimeSource":"invoker","connection":{"connectionReferenceLogicalName":"ya_sharedoffice365users_30dcf"},"api":{"name":"shared_office365users"}},"shared_commondataserviceforapps":{"runtimeSource":"embedded","connection":{"connectionReferenceLogicalName":"ya_sharedcommondataserviceforapps_be81b"},"api":{"name":"shared_commondataserviceforapps"}}},"definition":{"$schema":"https://schema.management.azure.com/providers/Microsoft.Logic/schemas/2016-06-01/workflowdefinition.json#","contentVersion":"1.0.0.0","parameters":{"$connections":{"defaultValue":{},"type":"Object"},"$authentication":{"defaultValue":{},"type":"SecureObject"}},"triggers":{"manual":{"type":"Request","kind":"PowerAppV2","inputs":{"schema":{"type":"object","properties":{"text":{"title":"DateTime","type":"string","x-ms-dynamically-added":true,"description":"日時を指定してください","x-ms-content-hint":"TEXT"},"text_1":{"title":"Level","type":"string","x-ms-dynamically-added":true,"description":"ログレベルを指定してください","x-ms-content-hint":"TEXT"},"text_2":{"title":"Message","type":"string","x-ms-dynamically-added":true,"description":"ログ内容を指定してください","x-ms-content-hint":"TEXT"},"text_3":{"title":"Solution","type":"string","x-ms-dynamically-added":true,"description":"ソリューションを指定してください","x-ms-content-hint":"TEXT"},"text_4":{"title":"App","type":"string","x-ms-dynamically-added":true,"description":"アプリを指定してください","x-ms-content-hint":"TEXT"},"text_5":{"title":"Function","type":"string","x-ms-dynamically-added":true,"description":"関数を指定してください","x-ms-content-hint":"TEXT"},"text_6":{"title":"Property","type":"string","x-ms-dynamically-added":true,"description":"プロパティを指定してください","x-ms-content-hint":"TEXT"},"text_7":{"title":"Line","type":"string","x-ms-dynamically-added":true,"description":"行数を指定してください","x-ms-content-hint":"TEXT"}},"required":["text","text_1","text_2","text_3","text_4","text_5","text_6","text_7"]}}}},"actions":{"マイ_プロフィールの取得_(V2)":{"runAfter":{},"type":"OpenApiConnection","inputs":{"host":{"connectionName":"shared_office365users","operationId":"MyProfile_V2","apiId":"/providers/Microsoft.PowerApps/apis/shared_office365users"},"parameters":{},"authentication":"@parameters('$authentication')"}},"新しい行を追加する":{"runAfter":{"変数を初期化する":["Succeeded"]},"type":"OpenApiConnection","inputs":{"host":{"connectionName":"shared_commondataserviceforapps","operationId":"CreateRecord","apiId":"/providers/Microsoft.PowerApps/apis/shared_commondataserviceforapps"},"parameters":{"entityName":"ya_logs","item/ya_datetime":"@formatDateTime(triggerBody()['text'])","item/ya_id":"@{outputs('マイ_プロフィールの取得_(V2)')?['body/userPrincipalName']} @{triggerBody()['text']} @{variables('GUID')}","item/ya_app":"@triggerBody()['text_4']","item/ya_function":"@triggerBody()['text_5']","item/ya_level":"@triggerBody()['text_1']","item/ya_line":"@triggerBody()['text_7']","item/ya_logid":"@variables('GUID')","item/ya_message":"@triggerBody()['text_2']","item/ya_property":"@triggerBody()['text_6']","item/ya_solution":"@triggerBody()['text_3']"},"authentication":"@parameters('$authentication')"}},"変数を初期化する":{"runAfter":{"マイ_プロフィールの取得_(V2)":["Succeeded"]},"type":"InitializeVariable","inputs":{"variables":[{"name":"GUID","type":"string","value":"@{guid()}"}]}}},"outputs":{}}},"schemaVersion":"1.0.0.0"}