{"properties":{"connectionReferences":{},"definition":{"$schema":"https://schema.management.azure.com/providers/Microsoft.Logic/schemas/2016-06-01/workflowdefinition.json#","contentVersion":"1.0.0.0","parameters":{"$authentication":{"defaultValue":{},"type":"SecureObject"}},"triggers":{"manual":{"type":"Request","kind":"PowerAppV2","inputs":{"schema":{"type":"object","properties":{"number":{"title":"seconds","type":"number","x-ms-dynamically-added":true,"description":"待機秒数を入力してください","x-ms-content-hint":"NUMBER"}},"required":["number"]}}}},"actions":{"待ち時間":{"runAfter":{},"type":"Wait","inputs":{"interval":{"count":"@triggerBody()['number']","unit":"Second"}}},"PowerApp_または_Flow_に応答する":{"runAfter":{"待ち時間":["Succeeded"]},"type":"Response","kind":"PowerApp","inputs":{"statusCode":200,"body":{"seconds":"@{triggerBody()['number']}"},"schema":{"type":"object","properties":{"seconds":{"title":"seconds","x-ms-dynamically-added":true,"type":"number"}}}}}},"outputs":{}}},"schemaVersion":"1.0.0.0"}